"Slug","Name","Status","Confidence","Island","Commune","Zone","Activities","Difficulty","Duration","Distance (km)","Access","Kid friendly","Birdwatching","Photogenic","PMR accessible","Protection","Operators","Latitude","Longitude","Blurb","Description","Key facts","Photo status","Internal note","SEO title","SEO description","URL path"
"grand-cul-de-sac-marin","Grand Cul-de-Sac Marin","Publié","vérifié","Guadeloupe (Basse-Terre)","Sainte-Rose / Morne-à-l'Eau","Grand Cul-de-Sac Marin","Bateau, Kayak","Facile","Demi-journée à journée","","guidé","checked","checked","checked","","Réserve naturelle, Parc national, Réserve de biosphère UNESCO","bluelagoon, yalode","","","La plus grande mangrove des Petites Antilles, entre Basse-Terre et Grande-Terre.","Le Grand Cul-de-Sac Marin est une baie de plus de 15 000 ha fermée par une barrière de corail. Ses rives portent la plus grande mangrove des Petites Antilles, prolongée par des forêts marécageuses. La réserve naturelle y a été créée en 1987.

On la visite de deux façons : en bateau depuis Sainte-Rose avec Blue Lagoon, ou en kayak depuis Vieux-Bourg avec Yalodé.","Plus grande mangrove des Petites Antilles
Baie de plus de 15 000 ha fermée par une barrière de corail
Réserve naturelle depuis 1987","OK","","Grand Cul-de-Sac Marin : mangrove en Guadeloupe","La plus grande mangrove des Petites Antilles, entre Basse-Terre et Grande-Terre.","/mangrove/grand-cul-de-sac-marin"
"riviere-salee","Rivière Salée","Publié","partiel","Guadeloupe (Basse-Terre)","Baie-Mahault / Les Abymes","Grand Cul-de-Sac Marin","Bateau","Facile","Demi-journée","","guidé","checked","checked","checked","","Parc national","bluelagoon","","","Le chenal bordé de mangrove qui sépare Basse-Terre et Grande-Terre.","La Rivière Salée est un bras de mer navigable de 30 à 100 m de large. Il sépare les deux îles principales de la Guadeloupe et relie le Grand Cul-de-Sac Marin au Petit Cul-de-Sac Marin.

Ses rives sont bordées de palétuviers sur toute leur longueur.","Chenal navigable séparant Basse-Terre et Grande-Terre, bordé de mangrove","OK","","Rivière Salée : mangrove en Guadeloupe","Le chenal bordé de mangrove qui sépare Basse-Terre et Grande-Terre.","/mangrove/riviere-salee"
"ilet-blanc","Îlet Blanc","Publié","partiel","Guadeloupe (Basse-Terre)","Sainte-Rose","Grand Cul-de-Sac Marin","Bateau","Facile","Halte","","guidé","checked","","checked","","Parc national","bluelagoon","","","Étape classique des sorties bateau au départ de Sainte-Rose.","L'îlet Blanc fait partie des arrêts des sorties en bateau dans le Grand Cul-de-Sac Marin, au départ du port de Sainte-Rose.

L'approche se fait lentement, ce qui laisse le temps d'observer les oiseaux avant de rejoindre la barrière de corail.","Étape classique des sorties bateau au départ du port de Sainte-Rose","OK","","Îlet Blanc : mangrove en Guadeloupe","Étape classique des sorties bateau au départ de Sainte-Rose.","/mangrove/ilet-blanc"
"ilet-a-fajou","Îlet à Fajou","Publié","partiel","Guadeloupe (Basse-Terre)","Sainte-Rose","Grand Cul-de-Sac Marin","Bateau","Facile","Halte","","guidé","checked","checked","checked","","Réserve naturelle, Parc national","bluelagoon","","","Le plus grand îlet du Grand Cul-de-Sac Marin, couvert de mangrove.","Fajou est le plus grand îlet du Grand Cul-de-Sac Marin. Il est constitué de mangrove et fait partie intégrante de la réserve naturelle.

Il sert de refuge à de nombreuses espèces protégées. On l'observe depuis le bateau.","Plus grand îlet du Grand Cul-de-Sac Marin
Constitué de mangrove, partie intégrante de la Réserve naturelle","OK","Ajouter une source PNG officielle.","Îlet à Fajou : mangrove en Guadeloupe","Le plus grand îlet du Grand Cul-de-Sac Marin, couvert de mangrove.","/mangrove/ilet-a-fajou"
"lagon-vieux-bourg","Mangrove de Vieux-Bourg","Publié","vérifié","Guadeloupe (Grande-Terre)","Morne-à-l'Eau","Grand Cul-de-Sac Marin","Kayak","Facile","Demi-journée","","guidé","checked","checked","checked","","Conservatoire du littoral, Réserve naturelle","yalode","","","Le point de départ des sorties kayak dans la mangrove de Morne-à-l'Eau.","La mangrove de Vieux-Bourg fait partie d'un ensemble de 2 209 ha protégé par le Conservatoire du littoral, de Vieux-Bourg à Petit-Canal.

C'est depuis le port de Vieux-Bourg que partent les sorties kayak de Yalodé vers la mangrove du Grand Cul-de-Sac Marin.","Site Conservatoire « Mangrove de Vieux-Bourg à Petit-Canal » : 2 209 ha
Départs kayak depuis le port de Vieux-Bourg","OK","","Mangrove de Vieux-Bourg : mangrove en Guadeloupe","Le point de départ des sorties kayak dans la mangrove de Morne-à-l'Eau.","/mangrove/lagon-vieux-bourg"
"sentier-vieux-bourg-babin","Sentier littoral Vieux-Bourg / Babin","Publié","vérifié","Guadeloupe (Grande-Terre)","Morne-à-l'Eau","Grand Cul-de-Sac Marin","Marche","Facile","","","libre","checked","checked","checked","","Conservatoire du littoral","yalode","","","Un sentier balisé entre mangrove et prairie humide, jusqu'à la plage de Babin.","Le sentier de « La case aux lamantins » part du port de pêche de Vieux-Bourg (balisage jaune) et serpente entre mangrove et prairie humide sur 5 km aller-retour, environ 2h30.

Il mène à Babin, l'unique « plage verte » de Guadeloupe, d'où l'on voit les îlets Fajou et Macou. En chemin : palétuviers rouges, crabes de terre et parulines jaunes.","Sentier « La case aux lamantins », balisage jaune, départ du port de pêche
Mène à la plage de Babin, seule « plage verte » de Guadeloupe","OK","Même point de départ que Yalodé : bon candidat pour une CTA kayak « prolongez sur l'eau ».","Sentier littoral Vieux-Bourg / Babin : mangrove en Guadeloupe","Un sentier balisé entre mangrove et prairie humide, jusqu'à la plage de Babin.","/mangrove/sentier-vieux-bourg-babin"
"beautiran","Sentier de Beautiran","Publié","vérifié","Guadeloupe (Grande-Terre)","Petit-Canal","Grand Cul-de-Sac Marin","Marche","Facile","4 h","11.5","libre","","checked","checked","","Conservatoire du littoral","","","","Une boucle entre champs de canne et mangrove, sur les traces de l'ancien port sucrier.","Beautiran était le port d'expédition du sucre et du rhum de l'usine de Beauport. Le sentier de 11,5 km (environ 4 h) traverse champs de canne, mangrove et vestiges industriels.

En sortie de mangrove, un point de vue s'ouvre sur la baie du Grand Cul-de-Sac Marin. Depuis décembre 2024, le départ se fait depuis les « marches des esclaves » à Petit-Canal.","Ancien port d'expédition du sucre et du rhum de l'usine de Beauport
Départ depuis les « marches des esclaves » (changement déc. 2024)
Huîtres de palétuvier visibles sur les racines","OK","","Sentier de Beautiran : mangrove en Guadeloupe","Une boucle entre champs de canne et mangrove, sur les traces de l'ancien port sucrier.","/mangrove/beautiran"
"marais-port-louis","Marais et sentier de la mangrove de Port-Louis","Publié","vérifié","Guadeloupe (Grande-Terre)","Port-Louis","Nord Grande-Terre","Marche","Facile","20 min (caillebotis) à 3 h","9","libre","checked","checked","checked","","Ramsar, Conservatoire du littoral","","","","La plus grande zone humide de l'archipel, traversée par un sentier sur caillebotis.","Derrière la plage du Souffleur, le marais de Port-Louis s'étend sur plus de 400 ha de mangroves, étangs, vasières et prairies humides. Il est classé site Ramsar depuis 1993, après avoir échappé à un projet de raffinerie.

Un caillebotis traverse la mangrove jusqu'au canal de la Pointe des Mangles. Plus de 90 espèces d'oiseaux y sont observées, surtout des limicoles migrateurs.

À noter : Rando Guadeloupe déconseille actuellement l'accès au caillebotis du chemin Kas Moustach, endommagé. Renseignez-vous auprès de l'office de tourisme du Nord Grande-Terre avant de partir.","Zone Ramsar depuis 1993, sauvée d'un projet de raffinerie
Caillebotis du « Marais Rocheux » jusqu'au canal de la Pointe des Mangles
Départ parking du cimetière, derrière la plage du Souffleur
Rando Guadeloupe signale le caillebotis du chemin Kas Moustach comme endommagé, accès déconseillé","OK","","Marais et sentier de la mangrove de Port-Louis : mangrove en Guadeloupe","La plus grande zone humide de l'archipel, traversée par un sentier sur caillebotis.","/mangrove/marais-port-louis"
"chemins-de-mangrove-anse-bertrand","Chemins de mangrove, Anse-Bertrand → Port-Louis","Publié","vérifié","Guadeloupe (Grande-Terre)","Anse-Bertrand","Nord Grande-Terre","Marche","Facile","2 à 3 h aller","","libre","checked","checked","checked","","","","","","Une randonnée littorale facile entre plages et mangrove.","Le chemin part du sud de la plage d'Anse-Bertrand sur un littoral de caille, passe par l'Anse Fontaine puis entre dans la zone humide jusqu'à la plage du Souffleur à Port-Louis.

Comptez 2 à 3 h aller, ou une promenade de 20 minutes pour la seule partie mangrove.","Littoral de caille puis zone humide jusqu'à la plage du Souffleur
Pause baignade possible à l'Anse Fontaine","OK","","Chemins de mangrove, Anse-Bertrand → Port-Louis : mangrove en Guadeloupe","Une randonnée littorale facile entre plages et mangrove.","/mangrove/chemins-de-mangrove-anse-bertrand"
"taonaba-belle-plaine","Taonaba, Maison de la mangrove (Belle-Plaine)","Publié","vérifié","Guadeloupe (Grande-Terre)","Les Abymes","Grand Cul-de-Sac Marin","Marche, Canot","Facile","15 à 30 min","1.5","libre","checked","checked","checked","","Conservatoire du littoral, Ramsar, Réserve de biosphère UNESCO","","","","Un caillebotis gratuit dans la plus grande forêt marécageuse de Guadeloupe.","À Belle-Plaine, aux Abymes, le site de Taonaba protège 290 ha de forêt marécageuse et de mangrove, gérés par le Conservatoire du littoral.

Le caillebotis se parcourt en 15 à 30 minutes, en accès libre, à quelques minutes de l'aéroport.","Forêt marécageuse de Belle-Plaine : la plus grande de Guadeloupe, 290 ha
Caillebotis gratuit en accès libre
Canal de Belle-Plaine, à quelques minutes de l'aéroport","OK","Musée non ouvert selon Gwadaplans (2023) ; ne promettre que le caillebotis.","Taonaba, Maison de la mangrove (Belle-Plaine) : mangrove en Guadeloupe","Un caillebotis gratuit dans la plus grande forêt marécageuse de Guadeloupe.","/mangrove/taonaba-belle-plaine"
"jarry-foret-marecageuse","Forêt marécageuse de Jarry (projet JA-RIV)","Publié","partiel","Guadeloupe (Basse-Terre)","Baie-Mahault","Petit Cul-de-Sac Marin","","Facile","","","libre","","","","","Conservatoire du littoral","","","","Une forêt marécageuse en cours de restauration, au cœur de la zone industrielle.","La forêt marécageuse et la mangrove de Jarry sont passées de 250 ha en 1950 à 183 ha en 2017.

Le projet JA-RIV du Conservatoire du littoral vise à les protéger et les régénérer. Ce n'est pas un site de visite aménagé.","Passée de 250 ha en 1950 à 183 ha en 2017
Programme de restauration JA-RIV, 4 ha déjà restaurés","OK","Contenu éditorial « conservation », pas une visite. Utile pour le SEO.","Forêt marécageuse de Jarry (projet JA-RIV) : mangrove en Guadeloupe","Une forêt marécageuse en cours de restauration, au cœur de la zone industrielle.","/mangrove/jarry-foret-marecageuse"
"riviere-lezarde","Embouchure de la Rivière Lézarde","Publié","partiel","Guadeloupe (Basse-Terre)","Petit-Bourg","Petit Cul-de-Sac Marin","Kayak, Bateau","Facile","","","payant","checked","checked","checked","","","","","","L'une des portes d'entrée de la mangrove du Petit Cul-de-Sac Marin.","L'embouchure de la Rivière Lézarde, à Petit-Bourg, donne accès à la mangrove du Petit Cul-de-Sac Marin, la baie de Pointe-à-Pitre.

La rivière se remonte en kayak ou en petit bateau.","Porte d'entrée de la mangrove du Petit Cul-de-Sac Marin","Photos de contexte uniquement, pas de vue de la mangrove","Opérateurs tiers : Pell'i Canot, Seatrip. Ne pas afficher.","Embouchure de la Rivière Lézarde : mangrove en Guadeloupe","L'une des portes d'entrée de la mangrove du Petit Cul-de-Sac Marin.","/mangrove/riviere-lezarde"
"riviere-moustique-goyave","Mangrove de la Rivière Moustique","Publié","partiel","Guadeloupe (Basse-Terre)","Goyave","Petit Cul-de-Sac Marin","Kayak","Facile","","","payant","checked","checked","checked","","","","","","Une petite mangrove à moins d'1 km du port de Goyave.","Depuis le port de pêche de Goyave, l'embouchure de la Rivière Moustique se rejoint en kayak en longeant la côte vers le nord.

L'îlet Fortune et un banc de sable se trouvent à proximité.","À moins d'1 km du port de pêche de Goyave, face à l'îlet Fortune","Photos de contexte uniquement, pas de vue de la mangrove","Source datée (2021, offre indisponible). À reconfirmer.","Mangrove de la Rivière Moustique : mangrove en Guadeloupe","Une petite mangrove à moins d'1 km du port de Goyave.","/mangrove/riviere-moustique-goyave"
"pointe-a-bacchus","Pointe à Bacchus","Publié","vérifié","Guadeloupe (Basse-Terre)","Petit-Bourg","Petit Cul-de-Sac Marin","Marche","Facile","2 h","3.2","libre","checked","","","","Parc national","","16.20189","-61.59031","Une boucle balisée à Petit-Bourg qui longe la mangrove.","Cette boucle très facile de 3,2 km (environ 2 h) part du lycée des Droits de l'Homme à Petit-Bourg. Elle alterne cultures, point de vue sur le Petit Cul-de-Sac Marin et passage le long de la mangrove, où l'on reconnaît le palétuvier blanc aux deux glandes à la base de ses feuilles.","Boucle très facile de 3,2 km, environ 2 h, départ du lycée des Droits de l’Homme
Longe la mangrove ; palétuviers blancs sur le parcours","OK","","Pointe à Bacchus : mangrove en Guadeloupe","Une boucle balisée à Petit-Bourg qui longe la mangrove.","/mangrove/pointe-a-bacchus"
"saint-felix-gosier","Sentier littoral de Saint-Félix","Publié","vérifié","Guadeloupe (Grande-Terre)","Le Gosier","Sud Grande-Terre","Marche","Facile","","","libre","checked","checked","checked","","","","","","Un sentier côtier avec passerelle dans les palétuviers rouges et observatoire à oiseaux.","De la plage de la Saline à la Pointe Canot, ce sentier de 7,5 km aller-retour (environ 2h30) alterne pâturages et plages.

Un platelage donne accès à une zone de palétuviers rouges en arrière-plage, et un observatoire ornithologique domine le marais.","Platelage vers une zone de palétuviers rouges en arrière-plage
Observatoire ornithologique sur le parcours","OK","","Sentier littoral de Saint-Félix : mangrove en Guadeloupe","Un sentier côtier avec passerelle dans les palétuviers rouges et observatoire à oiseaux.","/mangrove/saint-felix-gosier"
"mangrove-vieux-fort-marie-galante","Mangrove de Vieux-Fort","Publié","vérifié","Marie-Galante","Saint-Louis","Marie-Galante","Pédalo, Canot, Marche","Facile","45 min (pédalo) / 3 h (sentier)","9","payant","checked","checked","checked","checked","Conservatoire du littoral","","15.981549","-61.305473","La mangrove de Marie-Galante, à explorer en pédalo ou par le sentier de Vieux-Fort.","La rivière du Vieux-Fort traverse trois types de mangrove : palétuviers rouges en bord de mer, mangrove arbustive, puis mangles médailles pouvant atteindre 20 m.

L'association CISMAG propose des balades de 45 minutes en pédalo ou en bateau électrique, accessible aux personnes à mobilité réduite, du mardi au samedi. Le sentier balisé de 9 km en boucle part de l'Anse Canot.","Trois mangroves successives : bord de mer, arbustive, mangles médailles jusqu'à 20 m
Pédalo ou bateau électrique (PMR) avec l'association CISMAG, mardi–samedi
Sentier balisé de 9 km en boucle depuis l'Anse Canot","OK","GPS = départ du sentier (Anse Canot), pas la mangrove. Tarifs publiés datent de 2018.","Mangrove de Vieux-Fort : mangrove en Guadeloupe","La mangrove de Marie-Galante, à explorer en pédalo ou par le sentier de Vieux-Fort.","/mangrove/mangrove-vieux-fort-marie-galante"
"folle-anse-marie-galante","Folle Anse","Publié","partiel","Marie-Galante","Grand-Bourg","Marie-Galante","","Facile","","","libre","checked","checked","","","Conservatoire du littoral","","","","Une mosaïque de marais, forêts inondées et mangroves à Grand-Bourg.","Folle Anse, à l'embouchure d'un petit bassin versant, réunit marais ouverts, forêts inondées et mangroves. Le site est protégé par le Conservatoire du littoral.","Marais ouverts, forêts inondées et mangroves à l'embouchure d'un petit bassin versant","Aucune photo de mangrove trouvée","","Folle Anse : mangrove en Guadeloupe","Une mosaïque de marais, forêts inondées et mangroves à Grand-Bourg.","/mangrove/folle-anse-marie-galante"
"labyrinthe-morne-a-leau","Labyrinthe de palétuviers de Morne-à-l'Eau","Publié","partiel","Guadeloupe (Grande-Terre)","Morne-à-l'Eau","Grand Cul-de-Sac Marin","Kayak","Modérée","Demi-journée","","guidé","checked","checked","checked","","Réserve naturelle","yalode","","","Des chenaux de palétuviers accessibles uniquement en kayak.","Au cœur de la sortie kayak de Yalodé, le guide emmène de petits groupes dans des chenaux de mangrove inaccessibles autrement qu'en kayak.

Le rythme est lent, avec des pauses pour découvrir la faune et la flore.","Chenaux accessibles uniquement en kayak","OK","","Labyrinthe de palétuviers de Morne-à-l'Eau : mangrove en Guadeloupe","Des chenaux de palétuviers accessibles uniquement en kayak.","/mangrove/labyrinthe-morne-a-leau"
"ilet-corallien-morne-a-leau","Îlet corallien de la baie de Morne-à-l'Eau","Publié","partiel","Guadeloupe (Grande-Terre)","Morne-à-l'Eau","Grand Cul-de-Sac Marin","Kayak","Facile","Halte","","guidé","checked","","checked","","Réserve naturelle","yalode","","","Halte baignade sur un îlet corallien pendant la sortie kayak.","Selon les conditions, la sortie kayak de Yalodé fait une halte sur un îlet corallien, avec baignade et visite possibles.","Halte baignade sur un îlet corallien pendant la sortie kayak, selon les conditions","OK","","Îlet corallien de la baie de Morne-à-l'Eau : mangrove en Guadeloupe","Halte baignade sur un îlet corallien pendant la sortie kayak.","/mangrove/ilet-corallien-morne-a-leau"
"mangrove-desirade","Mangrove de la Désirade","Masqué","à vérifier","Désirade","La Désirade","Désirade","","Modérée","","","libre","","","","","","","","","","","","Aucune photo de mangrove trouvée","Aucune source trouvée. Retirer ou sourcer avant mise en ligne.","Mangrove de la Désirade : mangrove en Guadeloupe","","/mangrove/mangrove-desirade"
"anse-a-la-barque","Anse à la Barque","Masqué","à vérifier","Guadeloupe (Basse-Terre)","Vieux-Habitants / Bouillante","Côte sous le vent","Marche","Facile","","","libre","checked","","checked","","","","","","","","","Aucune photo de mangrove trouvée","Aucune source trouvée cette passe.","Anse à la Barque : mangrove en Guadeloupe","","/mangrove/anse-a-la-barque"