"Image ID","Site","Order","Cover","Attachment","Image URL","Thumbnail URL","Caption","Credit","License","Rights status","Source name","Source page","Relevance","Note"
"grand-cul-de-sac-marin-01","grand-cul-de-sac-marin","1","checked","https://www.bluelagoon-gp.com/wp-content/uploads/sites/7196/2024/04/bluelagoonhome-scaled.jpg","https://www.bluelagoon-gp.com/wp-content/uploads/sites/7196/2024/04/bluelagoonhome-scaled.jpg","https://www.bluelagoon-gp.com/wp-content/uploads/sites/7196/2024/04/bluelagoonhome-scaled.jpg","Lagon du Grand Cul-de-Sac Marin","Blue Lagoon","Photo opérateur","opérateur partenaire","Blue Lagoon","https://www.bluelagoon-gp.com/","mangrove",""
"grand-cul-de-sac-marin-02","grand-cul-de-sac-marin","2","","https://commons.wikimedia.org/wiki/Special:FilePath/Nyctanassa_violacea_in_a_mangrove_of_Guadeloupe%2C_2.jpg?width=1600","https://commons.wikimedia.org/wiki/Special:FilePath/Nyctanassa_violacea_in_a_mangrove_of_Guadeloupe%2C_2.jpg?width=1600","https://commons.wikimedia.org/wiki/Special:FilePath/Nyctanassa_violacea_in_a_mangrove_of_Guadeloupe%2C_2.jpg?width=400","Bihoreau violacé dans une mangrove de Guadeloupe","Auteur Wikimedia Commons (voir page)","CC BY-SA — à confirmer sur la page","libre (CC)","Wikimedia Commons","https://commons.wikimedia.org/wiki/File:Nyctanassa_violacea_in_a_mangrove_of_Guadeloupe%2C_2.jpg","mangrove","Lieu exact non précisé"
"grand-cul-de-sac-marin-03","grand-cul-de-sac-marin","3","","https://www.kayak-guadeloupe.fr/images/kayak-mangrove-nature.jpg","https://www.kayak-guadeloupe.fr/images/kayak-mangrove-nature.jpg","https://www.kayak-guadeloupe.fr/images/kayak-mangrove-nature.jpg","Kayak dans la mangrove du Grand Cul-de-Sac Marin","Yalodé","Photo opérateur","opérateur partenaire","Yalodé","https://www.kayak-guadeloupe.fr/yalode.html","mangrove",""
"riviere-salee-01","riviere-salee","1","checked","https://commons.wikimedia.org/wiki/Special:FilePath/La_Rivi%C3%A8re_Sal%C3%A9e_01.jpg?width=1600","https://commons.wikimedia.org/wiki/Special:FilePath/La_Rivi%C3%A8re_Sal%C3%A9e_01.jpg?width=1600","https://commons.wikimedia.org/wiki/Special:FilePath/La_Rivi%C3%A8re_Sal%C3%A9e_01.jpg?width=400","La Rivière Salée","Auteur Wikimedia Commons (voir page)","CC BY-SA — à confirmer sur la page","libre (CC)","Wikimedia Commons","https://commons.wikimedia.org/wiki/File:La_Rivi%C3%A8re_Sal%C3%A9e_01.jpg","mangrove",""
"riviere-salee-02","riviere-salee","2","","https://commons.wikimedia.org/wiki/Special:FilePath/La_Rivi%C3%A8re_Sal%C3%A9e_02.jpg?width=1600","https://commons.wikimedia.org/wiki/Special:FilePath/La_Rivi%C3%A8re_Sal%C3%A9e_02.jpg?width=1600","https://commons.wikimedia.org/wiki/Special:FilePath/La_Rivi%C3%A8re_Sal%C3%A9e_02.jpg?width=400","La Rivière Salée","Auteur Wikimedia Commons (voir page)","CC BY-SA — à confirmer sur la page","libre (CC)","Wikimedia Commons","https://commons.wikimedia.org/wiki/File:La_Rivi%C3%A8re_Sal%C3%A9e_02.jpg","mangrove",""
"riviere-salee-03","riviere-salee","3","","https://www.bluelagoon-gp.com/wp-content/uploads/sites/7196/2024/04/paletuvier-enfant.jpg","https://www.bluelagoon-gp.com/wp-content/uploads/sites/7196/2024/04/paletuvier-enfant.jpg","https://www.bluelagoon-gp.com/wp-content/uploads/sites/7196/2024/04/paletuvier-enfant.jpg","Palétuviers en bateau","Blue Lagoon","Photo opérateur","opérateur partenaire","Blue Lagoon","https://www.bluelagoon-gp.com/","mangrove",""
"ilet-blanc-01","ilet-blanc","1","checked","https://www.bluelagoon-gp.com/wp-content/uploads/sites/7196/2024/04/bluelagoonhome-scaled.jpg","https://www.bluelagoon-gp.com/wp-content/uploads/sites/7196/2024/04/bluelagoonhome-scaled.jpg","https://www.bluelagoon-gp.com/wp-content/uploads/sites/7196/2024/04/bluelagoonhome-scaled.jpg","Lagon, sortie Blue Lagoon","Blue Lagoon","Photo opérateur","opérateur partenaire","Blue Lagoon","https://www.bluelagoon-gp.com/","mangrove",""
"ilet-a-fajou-01","ilet-a-fajou","1","checked","https://www.bluelagoon-gp.com/wp-content/uploads/sites/7196/2024/04/paletuvier-enfant.jpg","https://www.bluelagoon-gp.com/wp-content/uploads/sites/7196/2024/04/paletuvier-enfant.jpg","https://www.bluelagoon-gp.com/wp-content/uploads/sites/7196/2024/04/paletuvier-enfant.jpg","Palétuviers, sortie Blue Lagoon","Blue Lagoon","Photo opérateur","opérateur partenaire","Blue Lagoon","https://www.bluelagoon-gp.com/","mangrove",""
"lagon-vieux-bourg-01","lagon-vieux-bourg","1","checked","https://geotrek.guadeloupe-parcnational.fr/media/paperclip/trekking_poi/83294/p1160943.JPG","https://geotrek.guadeloupe-parcnational.fr/media/paperclip/trekking_poi/83294/p1160943.JPG","https://geotrek.guadeloupe-parcnational.fr/media/paperclip/trekking_poi/83294/p1160943.JPG.400x0_q85.jpg","Palétuviers rouges à racines échasses, Vieux-Bourg","PNG","© PNG — tous droits réservés","autorisation requise","Rando Guadeloupe (Geotrek PNG)","https://www.randoguadeloupe.gp/fr/trek/10068-Littoral-Vieux-Bourg--Babin","mangrove",""
"lagon-vieux-bourg-02","lagon-vieux-bourg","2","","https://www.kayak-guadeloupe.fr/images/kayak-mangrove-nature.jpg","https://www.kayak-guadeloupe.fr/images/kayak-mangrove-nature.jpg","https://www.kayak-guadeloupe.fr/images/kayak-mangrove-nature.jpg","Kayak dans la mangrove","Yalodé","Photo opérateur","opérateur partenaire","Yalodé","https://www.kayak-guadeloupe.fr/yalode.html","mangrove",""
"lagon-vieux-bourg-03","lagon-vieux-bourg","3","","https://www.kayak-guadeloupe.fr/images/kayak-famille.jpg","https://www.kayak-guadeloupe.fr/images/kayak-famille.jpg","https://www.kayak-guadeloupe.fr/images/kayak-famille.jpg","Sortie kayak en famille","Yalodé","Photo opérateur","opérateur partenaire","Yalodé","https://www.kayak-guadeloupe.fr/yalode.html","mangrove",""
"lagon-vieux-bourg-04","lagon-vieux-bourg","4","","https://www.kayak-guadeloupe.fr/images/0kayak.jpg","https://www.kayak-guadeloupe.fr/images/0kayak.jpg","https://www.kayak-guadeloupe.fr/images/0kayak.jpg","Kayak dans le lagon","Yalodé","Photo opérateur","opérateur partenaire","Yalodé","https://www.kayak-guadeloupe.fr/yalode.html","mangrove",""
"sentier-vieux-bourg-babin-01","sentier-vieux-bourg-babin","1","checked","https://geotrek.guadeloupe-parcnational.fr/media/paperclip/trekking_trek/10068/p1110182.JPG","https://geotrek.guadeloupe-parcnational.fr/media/paperclip/trekking_trek/10068/p1110182.JPG","https://geotrek.guadeloupe-parcnational.fr/media/paperclip/trekking_trek/10068/p1110182.JPG.400x0_q85.jpg","Arrivée à Babin","PNG","© PNG — tous droits réservés","autorisation requise","Rando Guadeloupe (Geotrek PNG)","https://www.randoguadeloupe.gp/fr/trek/10068-Littoral-Vieux-Bourg--Babin","contexte",""
"sentier-vieux-bourg-babin-02","sentier-vieux-bourg-babin","2","","https://geotrek.guadeloupe-parcnational.fr/media/paperclip/trekking_poi/83294/p1160943.JPG","https://geotrek.guadeloupe-parcnational.fr/media/paperclip/trekking_poi/83294/p1160943.JPG","https://geotrek.guadeloupe-parcnational.fr/media/paperclip/trekking_poi/83294/p1160943.JPG.400x0_q85.jpg","Palétuviers rouges (échasses)","PNG","© PNG — tous droits réservés","autorisation requise","Rando Guadeloupe (Geotrek PNG)","https://www.randoguadeloupe.gp/fr/trek/10068-Littoral-Vieux-Bourg--Babin","mangrove",""
"sentier-vieux-bourg-babin-03","sentier-vieux-bourg-babin","3","","https://geotrek.guadeloupe-parcnational.fr/media/paperclip/trekking_poi/83308/20110810-_dsc8219_2018.JPG","https://geotrek.guadeloupe-parcnational.fr/media/paperclip/trekking_poi/83308/20110810-_dsc8219_2018.JPG","https://geotrek.guadeloupe-parcnational.fr/media/paperclip/trekking_poi/83308/20110810-_dsc8219_2018.JPG.400x0_q85.jpg","Crabe de terre","PNG","© PNG — tous droits réservés","autorisation requise","Rando Guadeloupe (Geotrek PNG)","https://www.randoguadeloupe.gp/fr/trek/10068-Littoral-Vieux-Bourg--Babin","mangrove",""
"sentier-vieux-bourg-babin-04","sentier-vieux-bourg-babin","4","","https://geotrek.guadeloupe-parcnational.fr/media/paperclip/trekking_poi/83306/12592577_10154021107887660_2930492930915423865_n.jpg","https://geotrek.guadeloupe-parcnational.fr/media/paperclip/trekking_poi/83306/12592577_10154021107887660_2930492930915423865_n.jpg","https://geotrek.guadeloupe-parcnational.fr/media/paperclip/trekking_poi/83306/12592577_10154021107887660_2930492930915423865_n.jpg.400x0_q85.jpg","Paruline jaune","PNG","© PNG — tous droits réservés","autorisation requise","Rando Guadeloupe (Geotrek PNG)","https://www.randoguadeloupe.gp/fr/trek/10068-Littoral-Vieux-Bourg--Babin","mangrove",""
"sentier-vieux-bourg-babin-05","sentier-vieux-bourg-babin","5","","https://geotrek.guadeloupe-parcnational.fr/media/paperclip/trekking_poi/83304/p1170024.JPG","https://geotrek.guadeloupe-parcnational.fr/media/paperclip/trekking_poi/83304/p1170024.JPG","https://geotrek.guadeloupe-parcnational.fr/media/paperclip/trekking_poi/83304/p1170024.JPG.400x0_q85.jpg","Plage de Babin","PNG","© PNG — tous droits réservés","autorisation requise","Rando Guadeloupe (Geotrek PNG)","https://www.randoguadeloupe.gp/fr/trek/10068-Littoral-Vieux-Bourg--Babin","contexte",""
"sentier-vieux-bourg-babin-06","sentier-vieux-bourg-babin","6","","https://commons.wikimedia.org/wiki/Special:FilePath/Plagr_babin.jpg?width=1600","https://commons.wikimedia.org/wiki/Special:FilePath/Plagr_babin.jpg?width=1600","https://commons.wikimedia.org/wiki/Special:FilePath/Plagr_babin.jpg?width=400","Plage de Babin","Auteur Wikimedia Commons (voir page)","CC BY-SA — à confirmer sur la page","libre (CC)","Wikimedia Commons","https://commons.wikimedia.org/wiki/File:Plagr_babin.jpg","contexte",""
"beautiran-01","beautiran","1","checked","https://geotrek.guadeloupe-parcnational.fr/media/paperclip/trekking_trek/4896/dsc02014.JPG","https://geotrek.guadeloupe-parcnational.fr/media/paperclip/trekking_trek/4896/dsc02014.JPG","https://geotrek.guadeloupe-parcnational.fr/media/paperclip/trekking_trek/4896/dsc02014.JPG.400x0_q85.jpg","L'ancien port de Beautiran","PNG","© PNG — tous droits réservés","autorisation requise","Rando Guadeloupe (Geotrek PNG)","https://www.randoguadeloupe.gp/en/trek/4896-Sentier-de-Beautiran","contexte",""
"beautiran-02","beautiran","2","","https://geotrek.guadeloupe-parcnational.fr/media/paperclip/trekking_poi/9208/p1070206.JPG","https://geotrek.guadeloupe-parcnational.fr/media/paperclip/trekking_poi/9208/p1070206.JPG","https://geotrek.guadeloupe-parcnational.fr/media/paperclip/trekking_poi/9208/p1070206.JPG.400x0_q85.jpg","Mangrove le long du sentier","PNG","© PNG — tous droits réservés","autorisation requise","Rando Guadeloupe (Geotrek PNG)","https://www.randoguadeloupe.gp/en/trek/4896-Sentier-de-Beautiran","mangrove",""
"beautiran-03","beautiran","3","","https://geotrek.guadeloupe-parcnational.fr/media/paperclip/trekking_poi/9217/p1070180.JPG","https://geotrek.guadeloupe-parcnational.fr/media/paperclip/trekking_poi/9217/p1070180.JPG","https://geotrek.guadeloupe-parcnational.fr/media/paperclip/trekking_poi/9217/p1070180.JPG.400x0_q85.jpg","Mangle médaille (Pterocarpus officinalis)","PNG","© PNG — tous droits réservés","autorisation requise","Rando Guadeloupe (Geotrek PNG)","https://www.randoguadeloupe.gp/en/trek/4896-Sentier-de-Beautiran","mangrove",""
"beautiran-04","beautiran","4","","https://geotrek.guadeloupe-parcnational.fr/media/paperclip/trekking_poi/9229/p1070241.JPG","https://geotrek.guadeloupe-parcnational.fr/media/paperclip/trekking_poi/9229/p1070241.JPG","https://geotrek.guadeloupe-parcnational.fr/media/paperclip/trekking_poi/9229/p1070241.JPG.400x0_q85.jpg","Vue sur le Grand Cul-de-Sac Marin en sortie de mangrove","PNG","© PNG — tous droits réservés","autorisation requise","Rando Guadeloupe (Geotrek PNG)","https://www.randoguadeloupe.gp/en/trek/4896-Sentier-de-Beautiran","mangrove",""
"beautiran-05","beautiran","5","","https://commons.wikimedia.org/wiki/Special:FilePath/Mangrove%2C_Petit-Canal%2C_Grande-Terre%2C_Guadeloupe%2C_2010-03-28-.jpg?width=1600","https://commons.wikimedia.org/wiki/Special:FilePath/Mangrove%2C_Petit-Canal%2C_Grande-Terre%2C_Guadeloupe%2C_2010-03-28-.jpg?width=1600","https://commons.wikimedia.org/wiki/Special:FilePath/Mangrove%2C_Petit-Canal%2C_Grande-Terre%2C_Guadeloupe%2C_2010-03-28-.jpg?width=400","Mangrove de Petit-Canal (panorama)","Auteur Wikimedia Commons (voir page)","CC BY-SA — à confirmer sur la page","libre (CC)","Wikimedia Commons","https://commons.wikimedia.org/wiki/File:Mangrove%2C_Petit-Canal%2C_Grande-Terre%2C_Guadeloupe%2C_2010-03-28-.jpg","mangrove",""
"beautiran-06","beautiran","6","","https://commons.wikimedia.org/wiki/Special:FilePath/Moulin_envahi_-_Chemin_de_Beautiran.jpg?width=1600","https://commons.wikimedia.org/wiki/Special:FilePath/Moulin_envahi_-_Chemin_de_Beautiran.jpg?width=1600","https://commons.wikimedia.org/wiki/Special:FilePath/Moulin_envahi_-_Chemin_de_Beautiran.jpg?width=400","Moulin envahi, chemin de Beautiran","Auteur Wikimedia Commons (voir page)","CC BY-SA — à confirmer sur la page","libre (CC)","Wikimedia Commons","https://commons.wikimedia.org/wiki/File:Moulin_envahi_-_Chemin_de_Beautiran.jpg","contexte",""
"marais-port-louis-01","marais-port-louis","1","checked","https://geotrek.guadeloupe-parcnational.fr/media/paperclip/trekking_poi/8226/dsc00809.JPG","https://geotrek.guadeloupe-parcnational.fr/media/paperclip/trekking_poi/8226/dsc00809.JPG","https://geotrek.guadeloupe-parcnational.fr/media/paperclip/trekking_poi/8226/dsc00809.JPG.400x0_q85.jpg","Palétuviers rouges, chemin Kas Moustach","PNG","© PNG — tous droits réservés","autorisation requise","Rando Guadeloupe (Geotrek PNG)","https://www.randoguadeloupe.gp/en/trek/5969-North-of-Grande-Terre-loop","mangrove",""
"marais-port-louis-02","marais-port-louis","2","","https://geotrek.guadeloupe-parcnational.fr/media/paperclip/trekking_poi/8229/dsc00826.JPG","https://geotrek.guadeloupe-parcnational.fr/media/paperclip/trekking_poi/8229/dsc00826.JPG","https://geotrek.guadeloupe-parcnational.fr/media/paperclip/trekking_poi/8229/dsc00826.JPG.400x0_q85.jpg","Pointe des Mangles, vue sur le Grand Cul-de-Sac Marin","PNG","© PNG — tous droits réservés","autorisation requise","Rando Guadeloupe (Geotrek PNG)","https://www.randoguadeloupe.gp/en/trek/5969-North-of-Grande-Terre-loop","mangrove",""
"marais-port-louis-03","marais-port-louis","3","","https://geotrek.guadeloupe-parcnational.fr/media/paperclip/trekking_poi/8204/dsc00769.JPG","https://geotrek.guadeloupe-parcnational.fr/media/paperclip/trekking_poi/8204/dsc00769.JPG","https://geotrek.guadeloupe-parcnational.fr/media/paperclip/trekking_poi/8204/dsc00769.JPG.400x0_q85.jpg","Plage du Souffleur","PNG","© PNG — tous droits réservés","autorisation requise","Rando Guadeloupe (Geotrek PNG)","https://www.randoguadeloupe.gp/en/trek/5969-North-of-Grande-Terre-loop","contexte",""
"chemins-de-mangrove-anse-bertrand-01","chemins-de-mangrove-anse-bertrand","1","checked","https://geotrek.guadeloupe-parcnational.fr/media/paperclip/trekking_poi/8226/dsc00809.JPG","https://geotrek.guadeloupe-parcnational.fr/media/paperclip/trekking_poi/8226/dsc00809.JPG","https://geotrek.guadeloupe-parcnational.fr/media/paperclip/trekking_poi/8226/dsc00809.JPG.400x0_q85.jpg","Palétuviers rouges près de la Pointe des Mangles","PNG","© PNG — tous droits réservés","autorisation requise","Rando Guadeloupe (Geotrek PNG)","https://www.randoguadeloupe.gp/en/trek/5969-North-of-Grande-Terre-loop","mangrove",""
"chemins-de-mangrove-anse-bertrand-02","chemins-de-mangrove-anse-bertrand","2","","https://geotrek.guadeloupe-parcnational.fr/media/paperclip/trekking_poi/8259/p1080102.JPG","https://geotrek.guadeloupe-parcnational.fr/media/paperclip/trekking_poi/8259/p1080102.JPG","https://geotrek.guadeloupe-parcnational.fr/media/paperclip/trekking_poi/8259/p1080102.JPG.400x0_q85.jpg","Plage de la Chapelle, Anse-Bertrand","PNG","© PNG — tous droits réservés","autorisation requise","Rando Guadeloupe (Geotrek PNG)","https://www.randoguadeloupe.gp/en/trek/5969-North-of-Grande-Terre-loop","contexte",""
"chemins-de-mangrove-anse-bertrand-03","chemins-de-mangrove-anse-bertrand","3","","https://geotrek.guadeloupe-parcnational.fr/media/paperclip/trekking_poi/8239/p1080067.JPG","https://geotrek.guadeloupe-parcnational.fr/media/paperclip/trekking_poi/8239/p1080067.JPG","https://geotrek.guadeloupe-parcnational.fr/media/paperclip/trekking_poi/8239/p1080067.JPG.400x0_q85.jpg","Vue sur l'Anse Colas","PNG","© PNG — tous droits réservés","autorisation requise","Rando Guadeloupe (Geotrek PNG)","https://www.randoguadeloupe.gp/en/trek/5969-North-of-Grande-Terre-loop","contexte",""
"taonaba-belle-plaine-01","taonaba-belle-plaine","1","checked","https://commons.wikimedia.org/wiki/Special:FilePath/Maison_de_la_mangrove%2C_Les_Abymes%2C_Guadeloupe.jpg?width=1600","https://commons.wikimedia.org/wiki/Special:FilePath/Maison_de_la_mangrove%2C_Les_Abymes%2C_Guadeloupe.jpg?width=1600","https://commons.wikimedia.org/wiki/Special:FilePath/Maison_de_la_mangrove%2C_Les_Abymes%2C_Guadeloupe.jpg?width=400","Caillebotis de la Maison de la mangrove","Auteur Wikimedia Commons (voir page)","CC BY-SA 4.0","libre (CC)","Wikimedia Commons","https://commons.wikimedia.org/wiki/File:Maison_de_la_mangrove%2C_Les_Abymes%2C_Guadeloupe.jpg","mangrove",""
"jarry-foret-marecageuse-01","jarry-foret-marecageuse","1","checked","https://commons.wikimedia.org/wiki/Special:FilePath/Baie_de_Baie-Mahault.jpg?width=1600","https://commons.wikimedia.org/wiki/Special:FilePath/Baie_de_Baie-Mahault.jpg?width=1600","https://commons.wikimedia.org/wiki/Special:FilePath/Baie_de_Baie-Mahault.jpg?width=400","Baie de Baie-Mahault","Auteur Wikimedia Commons (voir page)","CC BY-SA — à confirmer sur la page","libre (CC)","Wikimedia Commons","https://commons.wikimedia.org/wiki/File:Baie_de_Baie-Mahault.jpg","mangrove","Classé « Mangroves » sur Commons ; vérifier que la mangrove est visible"
"riviere-lezarde-01","riviere-lezarde","1","checked","https://geotrek.guadeloupe-parcnational.fr/media/paperclip/trekking_poi/4565/point-de-vue-pcsm.JPG","https://geotrek.guadeloupe-parcnational.fr/media/paperclip/trekking_poi/4565/point-de-vue-pcsm.JPG","https://geotrek.guadeloupe-parcnational.fr/media/paperclip/trekking_poi/4565/point-de-vue-pcsm.JPG.400x0_q85.jpg","Le Petit Cul-de-Sac Marin depuis la Pointe à Bacchus, près de l’embouchure","Emilie Savy / PNG","© Emilie Savy / PNG — tous droits réservés","autorisation requise","Rando Guadeloupe (Geotrek PNG)","https://www.randoguadeloupe.gp/en/trek/16704-Pointe-a-Bacchus","contexte",""
"riviere-lezarde-02","riviere-lezarde","2","","https://commons.wikimedia.org/wiki/Special:FilePath/%C3%8Elet_%C3%A0_N%C3%A8gre_et_%C3%AElet_%C3%A0_Cabrit.jpg?width=1600","https://commons.wikimedia.org/wiki/Special:FilePath/%C3%8Elet_%C3%A0_N%C3%A8gre_et_%C3%AElet_%C3%A0_Cabrit.jpg?width=1600","https://commons.wikimedia.org/wiki/Special:FilePath/%C3%8Elet_%C3%A0_N%C3%A8gre_et_%C3%AElet_%C3%A0_Cabrit.jpg?width=400","Îlets à Nègre et à Cabrit, Petit-Bourg","Auteur Wikimedia Commons (voir page)","CC BY-SA — à confirmer sur la page","libre (CC)","Wikimedia Commons","https://commons.wikimedia.org/wiki/File:%C3%8Elet_%C3%A0_N%C3%A8gre_et_%C3%AElet_%C3%A0_Cabrit.jpg","contexte",""
"riviere-moustique-goyave-01","riviere-moustique-goyave","1","checked","https://commons.wikimedia.org/wiki/Special:FilePath/Plage_Sainte-Claire_%C3%A0_Goyave.JPG?width=1600","https://commons.wikimedia.org/wiki/Special:FilePath/Plage_Sainte-Claire_%C3%A0_Goyave.JPG?width=1600","https://commons.wikimedia.org/wiki/Special:FilePath/Plage_Sainte-Claire_%C3%A0_Goyave.JPG?width=400","Plage Sainte-Claire, Goyave","Auteur Wikimedia Commons (voir page)","CC BY-SA — à confirmer sur la page","libre (CC)","Wikimedia Commons","https://commons.wikimedia.org/wiki/File:Plage_Sainte-Claire_%C3%A0_Goyave.JPG","contexte",""
"pointe-a-bacchus-01","pointe-a-bacchus","1","checked","https://geotrek.guadeloupe-parcnational.fr/media/paperclip/trekking_poi/16707/dscf0462.JPG","https://geotrek.guadeloupe-parcnational.fr/media/paperclip/trekking_poi/16707/dscf0462.JPG","https://geotrek.guadeloupe-parcnational.fr/media/paperclip/trekking_poi/16707/dscf0462.JPG.400x0_q85.jpg","Palétuvier blanc","PNG","© PNG — tous droits réservés","autorisation requise","Rando Guadeloupe (Geotrek PNG)","https://www.randoguadeloupe.gp/en/trek/16704-Pointe-a-Bacchus","mangrove",""
"pointe-a-bacchus-02","pointe-a-bacchus","2","","https://geotrek.guadeloupe-parcnational.fr/media/paperclip/trekking_trek/16704/p1140681.JPG","https://geotrek.guadeloupe-parcnational.fr/media/paperclip/trekking_trek/16704/p1140681.JPG","https://geotrek.guadeloupe-parcnational.fr/media/paperclip/trekking_trek/16704/p1140681.JPG.400x0_q85.jpg","Sentier de la Pointe à Bacchus","PNG","© PNG — tous droits réservés","autorisation requise","Rando Guadeloupe (Geotrek PNG)","https://www.randoguadeloupe.gp/en/trek/16704-Pointe-a-Bacchus","contexte",""
"pointe-a-bacchus-03","pointe-a-bacchus","3","","https://geotrek.guadeloupe-parcnational.fr/media/paperclip/trekking_poi/4565/point-de-vue-pcsm.JPG","https://geotrek.guadeloupe-parcnational.fr/media/paperclip/trekking_poi/4565/point-de-vue-pcsm.JPG","https://geotrek.guadeloupe-parcnational.fr/media/paperclip/trekking_poi/4565/point-de-vue-pcsm.JPG.400x0_q85.jpg","Point de vue sur le Petit Cul-de-Sac Marin","Emilie Savy / PNG","© Emilie Savy / PNG — tous droits réservés","autorisation requise","Rando Guadeloupe (Geotrek PNG)","https://www.randoguadeloupe.gp/en/trek/16704-Pointe-a-Bacchus","contexte",""
"saint-felix-gosier-01","saint-felix-gosier","1","checked","https://geotrek.guadeloupe-parcnational.fr/media/paperclip/trekking_poi/10749/dscn7592_1BvawL4.JPG","https://geotrek.guadeloupe-parcnational.fr/media/paperclip/trekking_poi/10749/dscn7592_1BvawL4.JPG","https://geotrek.guadeloupe-parcnational.fr/media/paperclip/trekking_poi/10749/dscn7592_1BvawL4.JPG.400x0_q85.jpg","Peuplement de palétuviers rouges","CD 971","© CD 971 — tous droits réservés","autorisation requise","Rando Guadeloupe (Geotrek PNG)","https://www.randoguadeloupe.gp/fr/trek/10709-Sentier-littoral-de-Saint-Felix","mangrove",""
"saint-felix-gosier-02","saint-felix-gosier","2","","https://geotrek.guadeloupe-parcnational.fr/media/paperclip/trekking_poi/10759/dscn7657_uMao3O4.JPG","https://geotrek.guadeloupe-parcnational.fr/media/paperclip/trekking_poi/10759/dscn7657_uMao3O4.JPG","https://geotrek.guadeloupe-parcnational.fr/media/paperclip/trekking_poi/10759/dscn7657_uMao3O4.JPG.400x0_q85.jpg","Marais","CD 971","© CD 971 — tous droits réservés","autorisation requise","Rando Guadeloupe (Geotrek PNG)","https://www.randoguadeloupe.gp/fr/trek/10709-Sentier-littoral-de-Saint-Felix","mangrove",""
"saint-felix-gosier-03","saint-felix-gosier","3","","https://geotrek.guadeloupe-parcnational.fr/media/paperclip/trekking_poi/10751/dscn7634_SUiFWiS.JPG","https://geotrek.guadeloupe-parcnational.fr/media/paperclip/trekking_poi/10751/dscn7634_SUiFWiS.JPG","https://geotrek.guadeloupe-parcnational.fr/media/paperclip/trekking_poi/10751/dscn7634_SUiFWiS.JPG.400x0_q85.jpg","Observatoire ornithologique","CD 971","© CD 971 — tous droits réservés","autorisation requise","Rando Guadeloupe (Geotrek PNG)","https://www.randoguadeloupe.gp/fr/trek/10709-Sentier-littoral-de-Saint-Felix","mangrove",""
"saint-felix-gosier-04","saint-felix-gosier","4","","https://geotrek.guadeloupe-parcnational.fr/media/paperclip/trekking_poi/10945/dscn7645.JPG","https://geotrek.guadeloupe-parcnational.fr/media/paperclip/trekking_poi/10945/dscn7645.JPG","https://geotrek.guadeloupe-parcnational.fr/media/paperclip/trekking_poi/10945/dscn7645.JPG.400x0_q85.jpg","Pélicans bruns au port de Saint-Félix","CD 971","© CD 971 — tous droits réservés","autorisation requise","Rando Guadeloupe (Geotrek PNG)","https://www.randoguadeloupe.gp/fr/trek/10709-Sentier-littoral-de-Saint-Felix","contexte",""
"saint-felix-gosier-05","saint-felix-gosier","5","","https://geotrek.guadeloupe-parcnational.fr/media/paperclip/trekking_trek/10709/dscn7661_yI2qnVx.JPG","https://geotrek.guadeloupe-parcnational.fr/media/paperclip/trekking_trek/10709/dscn7661_yI2qnVx.JPG","https://geotrek.guadeloupe-parcnational.fr/media/paperclip/trekking_trek/10709/dscn7661_yI2qnVx.JPG.400x0_q85.jpg","Vue sur le littoral","CD 971","© CD 971 — tous droits réservés","autorisation requise","Rando Guadeloupe (Geotrek PNG)","https://www.randoguadeloupe.gp/fr/trek/10709-Sentier-littoral-de-Saint-Felix","contexte",""
"mangrove-vieux-fort-marie-galante-01","mangrove-vieux-fort-marie-galante","1","checked","https://commons.wikimedia.org/wiki/Special:FilePath/Le_ponton_dans_la_mangrove.jpg?width=1600","https://commons.wikimedia.org/wiki/Special:FilePath/Le_ponton_dans_la_mangrove.jpg?width=1600","https://commons.wikimedia.org/wiki/Special:FilePath/Le_ponton_dans_la_mangrove.jpg?width=400","Le ponton dans la mangrove","Auteur Wikimedia Commons (voir page)","CC BY-SA — à confirmer sur la page","libre (CC)","Wikimedia Commons","https://commons.wikimedia.org/wiki/File:Le_ponton_dans_la_mangrove.jpg","mangrove","Classé Marie-Galante sur Commons ; probablement Vieux-Fort, à confirmer"
"mangrove-vieux-fort-marie-galante-02","mangrove-vieux-fort-marie-galante","2","","https://geotrek.guadeloupe-parcnational.fr/media/paperclip/trekking_poi/9020/dscn6859_pterocarpus-officinalis.JPG","https://geotrek.guadeloupe-parcnational.fr/media/paperclip/trekking_poi/9020/dscn6859_pterocarpus-officinalis.JPG","https://geotrek.guadeloupe-parcnational.fr/media/paperclip/trekking_poi/9020/dscn6859_pterocarpus-officinalis.JPG.400x0_q85.jpg","Mangle médaille « sang dragon »","F. Frederic - CD 971","© F. Frederic - CD 971 — tous droits réservés","autorisation requise","Rando Guadeloupe (Geotrek PNG)","https://www.randoguadeloupe.gp/fr/trek/9012-Sentier-de-Vieux-Fort-(M.G.)","mangrove",""
"mangrove-vieux-fort-marie-galante-03","mangrove-vieux-fort-marie-galante","3","","https://geotrek.guadeloupe-parcnational.fr/media/paperclip/trekking_poi/9022/dscn6855_fougere-doree.JPG","https://geotrek.guadeloupe-parcnational.fr/media/paperclip/trekking_poi/9022/dscn6855_fougere-doree.JPG","https://geotrek.guadeloupe-parcnational.fr/media/paperclip/trekking_poi/9022/dscn6855_fougere-doree.JPG.400x0_q85.jpg","Fougère dorée","F. Frederic - CD 971","© F. Frederic - CD 971 — tous droits réservés","autorisation requise","Rando Guadeloupe (Geotrek PNG)","https://www.randoguadeloupe.gp/fr/trek/9012-Sentier-de-Vieux-Fort-(M.G.)","mangrove",""
"mangrove-vieux-fort-marie-galante-04","mangrove-vieux-fort-marie-galante","4","","https://geotrek.guadeloupe-parcnational.fr/media/paperclip/trekking_trek/9012/copie-de-dsc03571.JPG","https://geotrek.guadeloupe-parcnational.fr/media/paperclip/trekking_trek/9012/copie-de-dsc03571.JPG","https://geotrek.guadeloupe-parcnational.fr/media/paperclip/trekking_trek/9012/copie-de-dsc03571.JPG.400x0_q85.jpg","L'îlet de Vieux-Fort","PNG","© PNG — tous droits réservés","autorisation requise","Rando Guadeloupe (Geotrek PNG)","https://www.randoguadeloupe.gp/fr/trek/9012-Sentier-de-Vieux-Fort-(M.G.)","contexte",""
"folle-anse-marie-galante-01","folle-anse-marie-galante","1","checked","https://geotrek.guadeloupe-parcnational.fr/media/paperclip/trekking_poi/9018/dscn6840_vue-sur-le-port-de-folle-anse-et-les-saintes.JPG","https://geotrek.guadeloupe-parcnational.fr/media/paperclip/trekking_poi/9018/dscn6840_vue-sur-le-port-de-folle-anse-et-les-saintes.JPG","https://geotrek.guadeloupe-parcnational.fr/media/paperclip/trekking_poi/9018/dscn6840_vue-sur-le-port-de-folle-anse-et-les-saintes.JPG.400x0_q85.jpg","Port de Folle Anse, les Saintes au loin","F. Frederic - CD 971","© F. Frederic - CD 971 — tous droits réservés","autorisation requise","Rando Guadeloupe (Geotrek PNG)","https://www.randoguadeloupe.gp/fr/trek/9012-Sentier-de-Vieux-Fort-(M.G.)","contexte",""
"labyrinthe-morne-a-leau-01","labyrinthe-morne-a-leau","1","checked","https://www.kayak-guadeloupe.fr/images/kayak-mangrove-nature.jpg","https://www.kayak-guadeloupe.fr/images/kayak-mangrove-nature.jpg","https://www.kayak-guadeloupe.fr/images/kayak-mangrove-nature.jpg","Kayak dans la mangrove","Yalodé","Photo opérateur","opérateur partenaire","Yalodé","https://www.kayak-guadeloupe.fr/yalode.html","mangrove",""
"labyrinthe-morne-a-leau-02","labyrinthe-morne-a-leau","2","","https://www.kayak-guadeloupe.fr/images/1kayak.jpg","https://www.kayak-guadeloupe.fr/images/1kayak.jpg","https://www.kayak-guadeloupe.fr/images/1kayak.jpg","Kayak Yalodé","Yalodé","Photo opérateur","opérateur partenaire","Yalodé","https://www.kayak-guadeloupe.fr/yalode.html","mangrove",""
"labyrinthe-morne-a-leau-03","labyrinthe-morne-a-leau","3","","https://www.kayak-guadeloupe.fr/images/2kayak.jpg","https://www.kayak-guadeloupe.fr/images/2kayak.jpg","https://www.kayak-guadeloupe.fr/images/2kayak.jpg","Kayak Yalodé","Yalodé","Photo opérateur","opérateur partenaire","Yalodé","https://www.kayak-guadeloupe.fr/yalode.html","mangrove",""
"ilet-corallien-morne-a-leau-01","ilet-corallien-morne-a-leau","1","checked","https://www.kayak-guadeloupe.fr/images/5kayak.jpg","https://www.kayak-guadeloupe.fr/images/5kayak.jpg","https://www.kayak-guadeloupe.fr/images/5kayak.jpg","Kayak Yalodé","Yalodé","Photo opérateur","opérateur partenaire","Yalodé","https://www.kayak-guadeloupe.fr/yalode.html","mangrove",""
"ilet-corallien-morne-a-leau-02","ilet-corallien-morne-a-leau","2","","https://www.kayak-guadeloupe.fr/images/6kayak.jpg","https://www.kayak-guadeloupe.fr/images/6kayak.jpg","https://www.kayak-guadeloupe.fr/images/6kayak.jpg","Kayak Yalodé","Yalodé","Photo opérateur","opérateur partenaire","Yalodé","https://www.kayak-guadeloupe.fr/yalode.html","mangrove",""