"Source ID","Site","Label","URL","Type"
"grand-cul-de-sac-marin-src-01","grand-cul-de-sac-marin","Parc national de la Guadeloupe — Mangrove","https://www.guadeloupe-parcnational.fr/fr/des-connaissances/patrimoines-naturels/les-milieux/milieux-humides/mangrove","officiel"
"grand-cul-de-sac-marin-src-02","grand-cul-de-sac-marin","Conservatoire du littoral — Grand Cul-de-Sac Marin","https://www.conservatoire-du-littoral.fr/TPL_CODE/TPL_UNITELITTORAL/PAR_TPL_IDENTIFIANT/147/125-les-paysages-fiche.htm","officiel"
"riviere-salee-src-01","riviere-salee","Wikipedia — Baie-Mahault","https://en.wikipedia.org/wiki/Baie-Mahault","media"
"riviere-salee-src-02","riviere-salee","Blue Lagoon","https://www.bluelagoon-gp.com/","operateur"
"ilet-blanc-src-01","ilet-blanc","Guadeloupe Excursion — Mangrove","https://www.guadeloupe-excursion.com/excursion/mangrove","media"
"ilet-a-fajou-src-01","ilet-a-fajou","Îlet Caret — Grand Cul-de-Sac Marin","https://www.ilet-caret.com/grand-cul-de-sac-marin.html","media"
"lagon-vieux-bourg-src-01","lagon-vieux-bourg","Conservatoire du littoral — Vieux-Bourg à Petit-Canal","https://www.conservatoire-du-littoral.fr/siteLittoral/661/28-mangrove-de-vieux-bourg-a-petit-canal-971_guadeloupe.htm","officiel"
"lagon-vieux-bourg-src-02","lagon-vieux-bourg","Yalodé — Kayak Guadeloupe","https://www.kayak-guadeloupe.fr/yalode.html","operateur"
"sentier-vieux-bourg-babin-src-01","sentier-vieux-bourg-babin","Rando Guadeloupe — Littoral Vieux-Bourg / Babin","https://www.randoguadeloupe.gp/trek/10068-Littoral-Vieux-Bourg--Babin","officiel"
"sentier-vieux-bourg-babin-src-02","sentier-vieux-bourg-babin","Visorando — Port-Louis & environs","https://www.visorando.com/randonnee-port-louis-guadeloupe.html","media"
"beautiran-src-01","beautiran","Rando Guadeloupe — Sentier de Beautiran","https://www.randoguadeloupe.gp/en/trek/4896-Sentier-de-Beautiran","officiel"
"beautiran-src-02","beautiran","Conservatoire du littoral — Petit-Canal à Port-Louis","https://www.conservatoire-du-littoral.fr/siteLittoral/662/28-mangrove-de-petit-canal-a-port-louis-971_guadeloupe.htm","officiel"
"marais-port-louis-src-01","marais-port-louis","Conservatoire du littoral — Marais de Port-Louis","https://www.conservatoire-du-littoral.fr/siteLittoral/571/28-marais-de-port-louis-971_guadeloupe.htm","officiel"
"marais-port-louis-src-02","marais-port-louis","OT Nord Grande-Terre — Sentier de la mangrove","https://www.lenordguadeloupe.com/blog/parcourez-le-sentier-de-la-mangrove-de-port-louis-bngt/","office-tourisme"
"marais-port-louis-src-03","marais-port-louis","Akokit — Mangrove et marais de Port-Louis","https://www.akokit.fr/A-la-decouverte-de-la-mangrove-et-du-marais-de-Port-Louis_a31.html","media"
"marais-port-louis-src-04","marais-port-louis","Rando Guadeloupe — Boucle du Nord Grande-Terre","https://www.randoguadeloupe.gp/en/trek/5969-North-of-Grande-Terre-loop","officiel"
"chemins-de-mangrove-anse-bertrand-src-01","chemins-de-mangrove-anse-bertrand","Guadeloupe.fr — Chemins de mangrove","https://www.guadeloupe.fr/activites-sur-terre/decouvertes-a-la-journee/chemins-de-mangrove/","office-tourisme"
"chemins-de-mangrove-anse-bertrand-src-02","chemins-de-mangrove-anse-bertrand","Gwadaplans — Chemins de mangrove","https://gwadaplans.com/activites-loisirs-guadeloupe/littoral/chemins-de-mangrove/","media"
"chemins-de-mangrove-anse-bertrand-src-03","chemins-de-mangrove-anse-bertrand","Rando Guadeloupe — Boucle du Nord Grande-Terre","https://www.randoguadeloupe.gp/en/trek/5969-North-of-Grande-Terre-loop","officiel"
"taonaba-belle-plaine-src-01","taonaba-belle-plaine","Guadeloupe Tourisme — Maison de la mangrove","https://fr.guadeloupe-tourisme.com/151/maison-de-la-mangrove-les-abymes/","office-tourisme"
"taonaba-belle-plaine-src-02","taonaba-belle-plaine","Petit Futé — Taonaba","https://www.petitfute.co.uk/v36588-les-abymes-97139/c1173-visites-points-d-interet/c976-archeologie-artisanat-science-et-technique/c981-nature/1582028-taonaba-domaine-nature.html","media"
"taonaba-belle-plaine-src-03","taonaba-belle-plaine","Gwadaplans — Les Abymes","https://gwadaplans.com/cartes-plans-guadeloupe/grande-terre/les-abymes/","media"
"jarry-foret-marecageuse-src-01","jarry-foret-marecageuse","Conservatoire du littoral — Projet JA-RIV","https://www.conservatoire-du-littoral.fr/211-projet-ja-riv.htm","officiel"
"jarry-foret-marecageuse-src-02","jarry-foret-marecageuse","Îles de Guadeloupe — The Mangrove","https://www.lesilesdeguadeloupe.com/en/explore/natural-wonders/the-mangrove/","office-tourisme"
"riviere-lezarde-src-01","riviere-lezarde","Seatrip — Petit Cul-de-Sac","https://www.seatripguadeloupe.com/excursion-petit-cul-de-sac/","operateur"
"riviere-moustique-goyave-src-01","riviere-moustique-goyave","Icigo — Kayak Petit Cul-de-Sac Marin","https://www.icigo.com/plus-disponible/randonnee-kayak-petit-cul-de-sac-marin","media"
"pointe-a-bacchus-src-01","pointe-a-bacchus","Rando Guadeloupe — Pointe à Bacchus (PDF)","https://geotrek.guadeloupe-parcnational.fr/api/fr/treks/16704/pointe-a-bacchus.pdf","officiel"
"pointe-a-bacchus-src-02","pointe-a-bacchus","Rando Guadeloupe — Pointe à Bacchus","https://www.randoguadeloupe.gp/en/trek/16704-Pointe-a-Bacchus","officiel"
"saint-felix-gosier-src-01","saint-felix-gosier","Rando Guadeloupe — Sentier littoral de Saint-Félix","https://www.randoguadeloupe.gp/fr/trek/10709-Sentier-littoral-de-Saint-Felix","officiel"
"mangrove-vieux-fort-marie-galante-src-01","mangrove-vieux-fort-marie-galante","Conservatoire du littoral — Marais de la rivière du Vieux-Fort","https://www.conservatoire-du-littoral.fr/siteLittoral/600/28-marais-de-la-riviere-du-vieux-fort-971_guadeloupe.htm","officiel"
"mangrove-vieux-fort-marie-galante-src-02","mangrove-vieux-fort-marie-galante","Rando Guadeloupe — Sentier de Vieux-Fort (M.G.)","https://www.randoguadeloupe.gp/fr/trek/9012-Sentier-de-Vieux-Fort-(M.G.)","officiel"
"mangrove-vieux-fort-marie-galante-src-03","mangrove-vieux-fort-marie-galante","OT Marie-Galante — CISMAG","https://www.ot-mariegalante.com/aaea-cismag-d%C3%A9couverte-de-la-mangrove-de-vieux-fort","office-tourisme"
"folle-anse-marie-galante-src-01","folle-anse-marie-galante","Conservatoire du littoral — Sites de Guadeloupe","https://www.conservatoire-du-littoral.fr/sites-du-littoral/SIL_SYCLAD_DEPARTEMENT/971_GUADELOUPE/Find/1/5-les-sites-du-littoral.htm","officiel"
"labyrinthe-morne-a-leau-src-01","labyrinthe-morne-a-leau","Yalodé — Kayak Guadeloupe","https://www.kayak-guadeloupe.fr/yalode.html","operateur"
"ilet-corallien-morne-a-leau-src-01","ilet-corallien-morne-a-leau","Yalodé — Kayak Guadeloupe","https://www.kayak-guadeloupe.fr/yalode.html","operateur"