"Key","Name","Guide name","Guide photo","Guide photo URL","Mode","Since","Brand color","Card background","Accent on dark","Credential","Tagline","Price","Price note","Meta line","Tour name","Tour summary","Guide blurb","Home intro (1st person)","Home label","Compare text","Compare ideal for","Rating","Rating (header)","Programme","Included","To bring","Booking URL","Website URL","Contact URL","Featured site","Emoji"
"bluelagoon","Blue Lagoon","Jean-Eudes","https://randomuser.me/api/portraits/men/75.jpg","https://randomuser.me/api/portraits/men/75.jpg","En bateau","Depuis 2010","#2C5F7C","#1F4A63","#9CD0EA","Capitaine · départ du port de Sainte-Rose","Le lagon en bateau : mangrove, îlets et récif en une demi-journée.","52 €","par adulte, tarif indicatif","4 h 30 · jusqu’à 12 pers. ·","4 h 30 dans le lagon","Mangrove, rivière, baignade sur un îlet de sable blanc et snorkeling sur le récif, au départ de Sainte-Rose.","Le capitaine Jean-Eudes et son équipe emmènent jusqu'à 12 personnes en bateau depuis Sainte-Rose, pour un circuit de 4h30 dans le lagon : mangrove, rivière, baignade sur un îlot de sable blanc et snorkeling sur le récif.","À Sainte-Rose, je fais naviguer ma flotte dans le Grand Cul-de-Sac Marin avec mon épouse Anne-Laure.","⛵ Excursions bateau · Sainte-Rose","Le capitaine Jean-Eudes a fondé Blue Lagoon en 2010 à Sainte-Rose. Le bateau boucle un circuit complet du lagon : forêt de palétuviers, rivière, baignade sur un îlot de sable blanc et snorkeling sur le récif. Jusqu'à 12 personnes à bord, dans une ambiance conviviale et familiale.","Idéal si vous voulez voir large : plusieurs paysages du lagon en une seule sortie, avec de la baignade et un rythme accessible à tous les âges.","","4,9★","Départ du port de Sainte-Rose
Traversée de la mangrove et de la rivière
Baignade sur un îlet de sable blanc
Snorkeling sur la barrière de corail
Retour au port","","","https://www.bluelagoon-gp.com/4h30-dexperience-dans-le-lagon-en-bateau-entre-mangrove-ilets/","https://www.bluelagoon-gp.com/","https://www.bluelagoon-gp.com/","riviere-salee","⛵"
"yalode","Yalodé","Pascal","https://randomuser.me/api/portraits/men/46.jpg","https://randomuser.me/api/portraits/men/46.jpg","En kayak · depuis 2012","Depuis 2012","#C88A2E","#6E4A14","#F2C77A","Guide brevet d’État · 4,9 ★ · +1 880 avis","La mangrove en kayak, au ras de l'eau, en petit groupe.","38 €","par adulte · 22 € enfant de -10 ans non rameur","≈ 3 h · dès 3 ans ·","Kayak mangrove","Environ 3 h de kayak dans la réserve du Grand Cul-de-Sac Marin, avec halte possible sur un îlet corallien.","Pascal Proust et son équipe font glisser de petits groupes en kayak depuis Vieux-Bourg, au cœur de chenaux de palétuviers trop étroits pour un bateau. Une immersion plus lente, avec pauses botaniques et légendes locales.","Je guide mes kayaks depuis Vieux-Bourg, à Morne-à-l'Eau, au cœur du lagon.","🛶 Excursions kayak · Morne-à-l'Eau","Pascal Proust a lancé Yalodé à Vieux-Bourg, sur un microclimat parmi les plus stables du lagon. Le kayak se glisse dans des chenaux de palétuviers trop étroits pour un bateau : une immersion plus lente, plus proche, avec des pauses pour observer la faune et la flore.","Idéal si vous voulez ressentir la mangrove de près, à votre rythme, en petit comité.","4,9 · +1 880 avis","4,9★","Accueil à la base nautique de Vieux-Bourg, 15 min avant le départ
Mise à l'eau à l'abri de la barrière de corail et des îlets
Navigation dans la mangrove, inaccessible autrement qu'en kayak
Halte sur un îlet corallien, baignade selon les conditions
Retour et verre de l'amitié","Kayak à dossier ergonomique
Pagaie et gilet de sauvetage
Bidon étanche
Éco-dégustation et verre de l’amitié","Chapeau et lunettes de soleil
Bouteille d'eau
T-shirt à manches longues
Maillot de bain
Chaussures","https://www.kayak-guadeloupe.fr/yalode.html","https://www.kayak-guadeloupe.fr/","https://www.kayak-guadeloupe.fr/contact.html","lagon-vieux-bourg","🛶"