"Info ID","Operator","Order","Label","Value"
"bluelagoon-info-01","bluelagoon","1","Départ","Port de Sainte-Rose"
"bluelagoon-info-02","bluelagoon","2","Durée","4 h 30"
"bluelagoon-info-03","bluelagoon","3","Groupe","Jusqu'à 12 personnes"
"bluelagoon-info-04","bluelagoon","4","Tarif","≈ 52 € par adulte (indicatif)"
"bluelagoon-info-05","bluelagoon","5","Horaires",""
"bluelagoon-info-06","bluelagoon","6","Âge minimum",""
"yalode-info-01","yalode","1","Départ","Base nautique, rue Achille Labuthie, Vieux-Bourg (Morne-à-l’Eau)"
"yalode-info-02","yalode","2","Horaires","8 h 45 (matinée) · 14 h 30 (coucher de soleil)"
"yalode-info-03","yalode","3","Durée","≈ 3 h + 1 h de préparation et verre de l’amitié"
"yalode-info-04","yalode","4","Âge minimum","Dès 3 ans"
"yalode-info-05","yalode","5","Tarif","38 € adulte · 22 € enfant -10 ans non rameur"
"yalode-info-06","yalode","6","Annulation","Gratuite jusqu’à 48 h avant"