"Slug","Order","Nav label","Footer label","Breadcrumb","SEO title","SEO description","H1","Intro","Quick answers","Operators","Operator block title","Results title","Filter rule","Related guides","URL path"
"mangrove-guadeloupe-en-famille","1","En famille, avec enfants","Mangrove en famille","En famille","Mangrove en Guadeloupe en famille : sorties avec enfants (2026)","Où voir la mangrove en Guadeloupe avec des enfants ? Kayak dès 3 ans, bateau avec baignade, passerelles gratuites : les meilleures sorties en famille.","Mangrove en Guadeloupe en famille : les meilleures sorties avec enfants","Où voir la mangrove en Guadeloupe avec des enfants ? Voici les sites les plus adaptés aux familles : balades en kayak dès 3 ans, sorties en bateau avec baignade, et passerelles faciles à faire à pied.","En kayak dès 3 ans avec Yalodé, au départ de Vieux-Bourg (Morne-à-l'Eau) : environ 3 h, les moins de 10 ans peuvent embarquer sans ramer.
En bateau avec Blue Lagoon depuis Sainte-Rose : 4 h 30 dans le lagon avec baignade sur un îlet et snorkeling.
À pied et gratuitement : le caillebotis de Taonaba aux Abymes, 15 à 30 minutes, à quelques minutes de l'aéroport.
À Marie-Galante : pédalo ou bateau électrique dans la mangrove de Vieux-Fort, 45 minutes, accessible aux personnes à mobilité réduite.","yalode, bluelagoon","Sortie mangrove avec enfants : les deux options guidées","Les meilleures mangroves à visiter en famille","Kid friendly = checked","kayak-mangrove-guadeloupe, excursion-mangrove-bateau-guadeloupe, sentier-mangrove-guadeloupe-a-pied","/guide/mangrove-guadeloupe-en-famille"
"excursion-mangrove-bateau-guadeloupe","2","En bateau","Mangrove en bateau","En bateau","Excursion mangrove en bateau en Guadeloupe : Grand Cul-de-Sac Marin","Excursion en bateau dans la mangrove du Grand Cul-de-Sac Marin : départ de Sainte-Rose, 4 h 30, îlets, baignade et snorkeling. Infos, tarifs et réservation.","Excursion en bateau dans la mangrove en Guadeloupe","L'excursion en bateau est la façon la plus simple de découvrir la mangrove du Grand Cul-de-Sac Marin, la plus grande des Petites Antilles : mangrove, îlets et récif en une demi-journée, sans effort physique.","Départ du port de Sainte-Rose, au nord de la Basse-Terre.
4 h 30 avec Blue Lagoon, jusqu'à 12 passagers à bord.
Au programme : mangrove, rivière, baignade sur un îlet de sable blanc et snorkeling sur le récif.
Tarif indicatif : environ 52 € par adulte.","bluelagoon","Réserver une excursion mangrove en bateau","Les sites de mangrove accessibles en bateau","Activities contient bateau, canot ou pédalo","kayak-mangrove-guadeloupe, mangrove-guadeloupe-en-famille, observer-oiseaux-mangrove-guadeloupe","/guide/excursion-mangrove-bateau-guadeloupe"
"kayak-mangrove-guadeloupe","3","En kayak","Kayak dans la mangrove","En kayak","Kayak mangrove Guadeloupe : balade guidée au Grand Cul-de-Sac Marin","Kayak dans la mangrove en Guadeloupe : balade guidée de 3 h au départ de Vieux-Bourg, dès 3 ans, 38 €. Horaires, équipement, conseils et réservation.","Kayak dans la mangrove en Guadeloupe","Le kayak permet d'entrer au cœur de la mangrove du Grand Cul-de-Sac Marin, dans des chenaux trop étroits pour un bateau. La balade guidée dure environ 3 h au départ de Vieux-Bourg et reste accessible dès 3 ans.","Départ de la base nautique de Vieux-Bourg, à Morne-à-l'Eau.
Deux départs : 8 h 45 (matinée) ou 14 h 30 (coucher de soleil).
Environ 3 h de parcours, plus 1 h de préparation et verre de l'amitié.
38 € par adulte, 22 € par enfant de moins de 10 ans non rameur. Annulation gratuite jusqu'à 48 h avant.","yalode","Réserver une balade en kayak dans la mangrove","Les meilleurs spots de kayak dans la mangrove","Activities contient kayak","excursion-mangrove-bateau-guadeloupe, mangrove-guadeloupe-en-famille, observer-oiseaux-mangrove-guadeloupe","/guide/kayak-mangrove-guadeloupe"
"sentier-mangrove-guadeloupe-a-pied","4","À pied, sentiers et passerelles","Sentiers de mangrove à pied","À pied","Sentiers de mangrove en Guadeloupe : balades à pied et passerelles","Visiter la mangrove à pied en Guadeloupe : caillebotis de Taonaba, marais de Port-Louis, Beautiran, Saint-Félix, Vieux-Fort. Durées, distances et conseils.","Visiter la mangrove à pied en Guadeloupe : sentiers et passerelles","Plusieurs sentiers balisés et caillebotis permettent de découvrir la mangrove de Guadeloupe à pied, le plus souvent gratuitement, de Port-Louis à Marie-Galante en passant par Les Abymes et Le Gosier.","Le plus court : le caillebotis de Taonaba aux Abymes, 15 à 30 minutes, gratuit.
En famille : Vieux-Bourg / Babin à Morne-à-l'Eau, 5 km aller-retour, environ 2 h 30.
Le plus long : Beautiran à Petit-Canal, 11,5 km, environ 4 h, entre canne à sucre et mangrove.
À Marie-Galante : le sentier de Vieux-Fort, boucle de 9 km, environ 3 h.","yalode, bluelagoon","Envie de voir la mangrove depuis l’eau ?","Les meilleurs sentiers de mangrove","Activities contient marche","mangrove-guadeloupe-en-famille, observer-oiseaux-mangrove-guadeloupe, kayak-mangrove-guadeloupe","/guide/sentier-mangrove-guadeloupe-a-pied"
"observer-oiseaux-mangrove-guadeloupe","5","Observer les oiseaux","Oiseaux de la mangrove","Oiseaux","Observer les oiseaux dans la mangrove en Guadeloupe : meilleurs spots","Où observer les oiseaux dans la mangrove en Guadeloupe : marais de Port-Louis (plus de 90 espèces), Grand Cul-de-Sac Marin, Saint-Félix. Espèces et conseils.","Où observer les oiseaux dans la mangrove en Guadeloupe","Les mangroves et zones humides de Guadeloupe accueillent une avifaune très riche : plus de 90 espèces sont observées au marais de Port-Louis et plus de 80 dans le Grand Cul-de-Sac Marin, sédentaires comme migratrices.","Marais de Port-Louis : plus de 90 espèces, surtout des limicoles migrateurs.
Grand Cul-de-Sac Marin : plus de 80 espèces, dont le râle tapageur, à observer en kayak ou en bateau.
Saint-Félix (Le Gosier) : observatoire ornithologique sur le marais.
Meilleur moment : tôt le matin, quand l'eau est plate et les oiseaux actifs.","yalode, bluelagoon","Observer les oiseaux avec un guide","Les meilleures mangroves pour les oiseaux","Birdwatching = checked","kayak-mangrove-guadeloupe, sentier-mangrove-guadeloupe-a-pied, excursion-mangrove-bateau-guadeloupe","/guide/observer-oiseaux-mangrove-guadeloupe"