"Section ID","Guide","Order","H2","Paragraphs"
"mangrove-guadeloupe-en-famille-sec-01","mangrove-guadeloupe-en-famille","1","Bateau ou kayak avec des enfants ?","Le bateau convient aux plus jeunes et aux familles qui ne veulent pas ramer. Blue Lagoon emmène jusqu'à 12 personnes pour 4 h 30 dans le Grand Cul-de-Sac Marin, avec une baignade sur un îlet de sable blanc et du snorkeling sur le récif.

Le kayak est accessible dès 3 ans chez Yalodé. Les enfants de moins de 10 ans peuvent être passagers sans ramer, au tarif de 22 €. Le parcours est abrité du vent et des vagues par la barrière de corail et les îlets, et le guide fait découvrir la faune et la flore en chemin."
"mangrove-guadeloupe-en-famille-sec-02","mangrove-guadeloupe-en-famille","2","Les balades faciles à pied dans la mangrove","Pour une première approche sans réservation, le caillebotis de Taonaba à Belle-Plaine (Les Abymes) traverse la plus grande forêt marécageuse de Guadeloupe en 15 à 30 minutes, en accès libre.

Au Gosier, le sentier littoral de Saint-Félix passe par une passerelle dans les palétuviers rouges et un observatoire à oiseaux. À Morne-à-l'Eau, le sentier Vieux-Bourg / Babin (5 km aller-retour) mène à l'unique « plage verte » de Guadeloupe."
"mangrove-guadeloupe-en-famille-sec-03","mangrove-guadeloupe-en-famille","3","Préparer la sortie","Prévoyez chapeau, lunettes de soleil, eau, t-shirt à manches longues et maillot de bain. Les sorties kayak partent à 8 h 45 ou à 14 h 30 ; arrivez au moins 15 minutes avant le départ."
"excursion-mangrove-bateau-guadeloupe-sec-01","excursion-mangrove-bateau-guadeloupe","1","Pourquoi visiter la mangrove en bateau ?","Le bateau permet de voir en une seule sortie les principaux paysages du lagon : la mangrove de bord de mer et ses palétuviers rouges, les îlets et la barrière de corail. Aucune condition physique n'est requise.

Blue Lagoon part du port de Sainte-Rose et combine mangrove, rivière, baignade sur un îlet de sable blanc et snorkeling sur le récif en 4 h 30."
"excursion-mangrove-bateau-guadeloupe-sec-02","excursion-mangrove-bateau-guadeloupe","2","Le Grand Cul-de-Sac Marin, une réserve naturelle","Le Grand Cul-de-Sac Marin est une baie de plus de 15 000 ha fermée par une barrière de corail, entre Basse-Terre et Grande-Terre. Ses rives portent la plus grande mangrove des Petites Antilles. Une partie du lagon est classée réserve naturelle depuis 1987 et fait partie du Parc national de la Guadeloupe.

L'îlet à Fajou, le plus grand îlet du lagon, est constitué de mangrove et fait partie intégrante de la réserve."
"excursion-mangrove-bateau-guadeloupe-sec-03","excursion-mangrove-bateau-guadeloupe","3","Bateau ou kayak ?","Le bateau couvre plus de terrain et convient à tous. Le kayak entre dans des chenaux trop étroits pour un bateau, à un rythme plus lent. Les deux sorties se déroulent dans le même lagon, au départ de Sainte-Rose pour le bateau et de Vieux-Bourg pour le kayak."
"kayak-mangrove-guadeloupe-sec-01","kayak-mangrove-guadeloupe","1","Ce que l’on découvre en kayak","Le kayak se glisse dans les chenaux de palétuviers du Grand Cul-de-Sac Marin, inaccessibles autrement. Le guide présente la faune et la flore en chemin, et la sortie fait une halte sur un îlet corallien, avec baignade selon les conditions.

Le départ de 14 h 30 permet de terminer la balade au coucher du soleil."
"kayak-mangrove-guadeloupe-sec-02","kayak-mangrove-guadeloupe","2","Faut-il être sportif ?","Non. Le parcours est abrité du vent et des vagues par la barrière de corail et les îlets, et reste praticable par presque tous les temps. Yalodé fournit des kayaks à dossier ergonomique, la pagaie, le gilet de sauvetage et un bidon étanche."
"kayak-mangrove-guadeloupe-sec-03","kayak-mangrove-guadeloupe","3","Les autres spots de kayak en mangrove","Dans le Petit Cul-de-Sac Marin, l'embouchure de la Rivière Lézarde à Petit-Bourg et la Rivière Moustique à Goyave donnent aussi accès à la mangrove en kayak. À Marie-Galante, la mangrove de Vieux-Fort se découvre en pédalo ou en canoë."
"sentier-mangrove-guadeloupe-a-pied-sec-01","sentier-mangrove-guadeloupe-a-pied","1","Les passerelles les plus faciles","Le caillebotis de Taonaba traverse la forêt marécageuse de Belle-Plaine, la plus grande de Guadeloupe. Au Gosier, une passerelle du sentier de Saint-Félix mène dans une zone de palétuviers rouges. À Port-Louis, un caillebotis traverse la mangrove derrière la plage du Souffleur."
"sentier-mangrove-guadeloupe-a-pied-sec-02","sentier-mangrove-guadeloupe-a-pied","2","Les randonnées plus longues","Le sentier de Beautiran (11,5 km) suit l'ancien port sucrier de Petit-Canal jusqu'à un point de vue sur le Grand Cul-de-Sac Marin. Le chemin d'Anse-Bertrand à Port-Louis longe plages et mangrove sur 2 à 3 h. À Marie-Galante, la boucle de Vieux-Fort traverse forêt sèche, forêt marécageuse et mangrove."
"sentier-mangrove-guadeloupe-a-pied-sec-03","sentier-mangrove-guadeloupe-a-pied","3","Vérifier l’état des sentiers avant de partir","Rando Guadeloupe publie l'état des sentiers. En septembre 2026, l'accès au caillebotis du chemin Kas Moustach à Port-Louis y est déconseillé car il est endommagé. Partez tôt, emportez de l'eau et ne commencez pas une randonnée après 15 h."
"observer-oiseaux-mangrove-guadeloupe-sec-01","observer-oiseaux-mangrove-guadeloupe","1","Quelles espèces voir ?","On croise le pélican brun, la paruline jaune (« Ti Jon » en créole), des hérons et de nombreux limicoles migrateurs. Le Grand Cul-de-Sac Marin abrite aussi une sous-espèce caribéenne du râle tapageur, et deux oiseaux endémiques y sont signalés : la paruline caféiette et le pic de la Guadeloupe."
"observer-oiseaux-mangrove-guadeloupe-sec-02","observer-oiseaux-mangrove-guadeloupe","2","En kayak, à pied ou en bateau ?","Le kayak est silencieux et permet d'approcher la mangrove au plus près. À pied, les observatoires de Saint-Félix et de Port-Louis offrent une vue d'ensemble sur les marais. Le bateau passe près des îlets, dont Fajou, refuge de nombreuses espèces protégées."