"FAQ ID","Guide","Order","Question","Answer"
"mangrove-guadeloupe-en-famille-faq-01","mangrove-guadeloupe-en-famille","1","À partir de quel âge peut-on faire du kayak dans la mangrove ?","Chez Yalodé, dès 3 ans. Les enfants de moins de 10 ans peuvent embarquer comme passagers sans ramer, au tarif de 22 €."
"mangrove-guadeloupe-en-famille-faq-02","mangrove-guadeloupe-en-famille","2","Combien coûte une sortie mangrove en famille ?","En kayak avec Yalodé : 38 € par adulte et 22 € par enfant de moins de 10 ans non rameur. En bateau avec Blue Lagoon : environ 52 € par adulte (tarif indicatif). Le caillebotis de Taonaba est gratuit."
"mangrove-guadeloupe-en-famille-faq-03","mangrove-guadeloupe-en-famille","3","Peut-on se baigner pendant la sortie ?","Oui. La sortie bateau de Blue Lagoon inclut une baignade sur un îlet de sable blanc et du snorkeling. La sortie kayak de Yalodé prévoit une halte sur un îlet corallien, avec baignade selon les conditions."
"mangrove-guadeloupe-en-famille-faq-04","mangrove-guadeloupe-en-famille","4","Où voir la mangrove gratuitement avec des enfants ?","Le caillebotis de Taonaba aux Abymes, le sentier littoral de Saint-Félix au Gosier et le sentier Vieux-Bourg / Babin à Morne-à-l'Eau sont en accès libre."
"excursion-mangrove-bateau-guadeloupe-faq-01","excursion-mangrove-bateau-guadeloupe","1","D'où partent les excursions mangrove en bateau ?","Du port de Sainte-Rose, au nord de la Basse-Terre, pour la sortie Blue Lagoon dans le Grand Cul-de-Sac Marin."
"excursion-mangrove-bateau-guadeloupe-faq-02","excursion-mangrove-bateau-guadeloupe","2","Combien de temps dure une excursion en bateau ?","La sortie Blue Lagoon dure 4 h 30."
"excursion-mangrove-bateau-guadeloupe-faq-03","excursion-mangrove-bateau-guadeloupe","3","Peut-on faire du snorkeling pendant la sortie ?","Oui, la sortie inclut un arrêt snorkeling sur la barrière de corail et une baignade sur un îlet de sable blanc."
"excursion-mangrove-bateau-guadeloupe-faq-04","excursion-mangrove-bateau-guadeloupe","4","L'excursion en bateau est-elle adaptée aux enfants ?","Oui, aucune condition physique n'est requise et le groupe est limité à 12 personnes."
"excursion-mangrove-bateau-guadeloupe-faq-05","excursion-mangrove-bateau-guadeloupe","5","Existe-t-il une visite en bateau à Marie-Galante ?","Oui, l'association CISMAG propose des balades de 45 minutes en pédalo ou en bateau électrique dans la mangrove de Vieux-Fort, du mardi au samedi."
"kayak-mangrove-guadeloupe-faq-01","kayak-mangrove-guadeloupe","1","Où faire du kayak dans la mangrove en Guadeloupe ?","Principalement dans le Grand Cul-de-Sac Marin, au départ de Vieux-Bourg (Morne-à-l'Eau). Le Petit Cul-de-Sac Marin (Lézarde, Rivière Moustique) et la mangrove de Vieux-Fort à Marie-Galante sont d'autres options."
"kayak-mangrove-guadeloupe-faq-02","kayak-mangrove-guadeloupe","2","Combien coûte une balade en kayak dans la mangrove ?","Chez Yalodé : 38 € par adulte et 22 € par enfant de moins de 10 ans non rameur, verre de l'amitié compris."
"kayak-mangrove-guadeloupe-faq-03","kayak-mangrove-guadeloupe","3","Combien de temps dure la sortie ?","Environ 3 h de parcours, plus 1 h pour la préparation et le verre de l'amitié."
"kayak-mangrove-guadeloupe-faq-04","kayak-mangrove-guadeloupe","4","Que faut-il apporter ?","Chapeau, lunettes de soleil, bouteille d'eau, t-shirt à manches longues, maillot de bain et chaussures."
"kayak-mangrove-guadeloupe-faq-05","kayak-mangrove-guadeloupe","5","Peut-on annuler ?","Oui, l'annulation est gratuite jusqu'à 48 h avant l'activité chez Yalodé."
"sentier-mangrove-guadeloupe-a-pied-faq-01","sentier-mangrove-guadeloupe-a-pied","1","Où voir la mangrove à pied en Guadeloupe ?","À Taonaba (Les Abymes), à Port-Louis, à Petit-Canal (Beautiran), à Morne-à-l'Eau (Vieux-Bourg / Babin), au Gosier (Saint-Félix), à Petit-Bourg (Pointe à Bacchus) et à Marie-Galante (Vieux-Fort)."
"sentier-mangrove-guadeloupe-a-pied-faq-02","sentier-mangrove-guadeloupe-a-pied","2","Les sentiers de mangrove sont-ils gratuits ?","Oui, les sentiers et caillebotis de ce guide sont en accès libre."
"sentier-mangrove-guadeloupe-a-pied-faq-03","sentier-mangrove-guadeloupe-a-pied","3","Quel est le sentier le plus facile ?","Le caillebotis de Taonaba, qui se parcourt en 15 à 30 minutes. La Pointe à Bacchus à Petit-Bourg est aussi classée très facile (3,2 km, environ 2 h)."
"sentier-mangrove-guadeloupe-a-pied-faq-04","sentier-mangrove-guadeloupe-a-pied","4","Quand partir ?","Tôt le matin, pour la chaleur et pour voir plus d'oiseaux. Évitez de commencer une randonnée après 15 h, la nuit tombe vite."
"observer-oiseaux-mangrove-guadeloupe-faq-01","observer-oiseaux-mangrove-guadeloupe","1","Où voir le plus d’oiseaux dans la mangrove ?","Au marais de Port-Louis, où plus de 90 espèces sont observées, et dans le Grand Cul-de-Sac Marin, qui en compte plus de 80."
"observer-oiseaux-mangrove-guadeloupe-faq-02","observer-oiseaux-mangrove-guadeloupe","2","À quelle heure observer les oiseaux ?","En début de matinée, quand l'eau est calme et les oiseaux les plus actifs. Le départ kayak de 8 h 45 s'y prête bien."
"observer-oiseaux-mangrove-guadeloupe-faq-03","observer-oiseaux-mangrove-guadeloupe","3","Faut-il un guide ?","Non pour les sentiers et observatoires, en accès libre. Un guide aide à repérer et identifier les espèces sur l'eau."