"Key","Page","Section","Value","Notes"
"brand.name","Global","Header","Mangroves Gwada",""
"nav.explore","Global","Header","🧭 Explorer",""
"nav.compare","Global","Header","⛵🛶 Bateau ou kayak ?",""
"hero.title","Accueil","Hero","Découvrez les Mangroves de Guadeloupe. Visitez les seul.e ou avec des guides passionés.",""
"hero.subtitle","Accueil","Hero","En bateau, à pied ou en kayak, seul ou en famille, chaque mangrove a son rythme. Filtrez pour trouver la vôtre.",""
"hero.cta","Accueil","Hero","Explorer les mangroves",""
"hero.offeredBy","Accueil","Hero","Offert par",""
"hero.badge.yalode","Accueil","Hero","🛶 Yalodé 4,9★",""
"hero.badge.bluelagoon","Accueil","Hero","⛵ Blue Lagoon 4,9★",""
"hero.backgroundImage","Accueil","Hero","https://www.bluelagoon-gp.com/wp-content/uploads/sites/7196/2024/04/paletuvier-enfant.jpg","URL de la photo de fond"
"filters.bookable","Accueil","Filtres","🎟️ Réservable",""
"filters.more","Accueil","Filtres","⚙️ Plus",""
"filters.modalTitle","Accueil","Filtres","Filtres",""
"filters.sort","Accueil","Filtres","↕️ Trier",""
"filters.ambiance","Accueil","Filtres","Ambiance & public",""
"filters.clear","Accueil","Filtres","Effacer",""
"filters.apply","Accueil","Filtres","Voir mangroves",""
"card.cta","Accueil","Cartes","Voir la mangrove →",""
"card.noPhoto","Accueil","Cartes","Photos à venir",""
"lead.title","Accueil","Bandeau lead","📩 Recevez notre top 5 des journées parfaites avec une visite de mangrove",""
"lead.subtitle","Accueil","Bandeau lead","Un plan simple, sans spam, envoyé une seule fois.",""
"lead.cta","Accueil","Bandeau lead","Recevoir",""
"lead.success","Accueil","Bandeau lead","Merci ! Votre plan de journée arrive vite. 🌿",""
"lead.placeholderPhone","Accueil","Bandeau lead","Votre numéro de téléphone",""
"lead.placeholderEmail","Accueil","Bandeau lead","Votre email",""
"lead.toggleToEmail","Accueil","Bandeau lead","Je préfère laisser mon email",""
"lead.toggleToPhone","Accueil","Bandeau lead","Je préfère laisser mon numéro",""
"about.who.title","Accueil","Qui sommes-nous","Mais qui a fait ça ?",""
"about.why.title","Accueil","Pourquoi","Mais pourquoi on fait ça ?",""
"about.why.p1","Accueil","Pourquoi","Ils sont tombés amoureux de la Guadeloupe et de sa mangrove, et ils veulent en montrer la beauté au plus grand nombre pour qu'elle soit respectée et protégée.",""
"about.why.p2","Accueil","Pourquoi","Si l'envie vous prend de la découvrir avec eux, ce serait un plaisir. Sinon, on vous souhaite une belle visite en autonomie, dans le respect du lieu.",""
"about.why.signature","Accueil","Pourquoi","Avec passion, Blue Lagoon & Yalodé",""
"detail.back","Fiche mangrove","Hero","← Tous les résultats",""
"detail.tab.overview.title","Fiche mangrove","Onglet Aperçu","À quoi s'attendre",""
"detail.tab.overview.facts","Fiche mangrove","Onglet Aperçu","En bref",""
"detail.tab.access.map","Fiche mangrove","Onglet Accès","📍 Ouvrir dans Google Maps",""
"detail.tab.protection.title","Fiche mangrove","Onglet Protection","Statuts de protection",""
"detail.tab.protection.advice","Fiche mangrove","Onglet Protection","Restez sur les sentiers et les passerelles, ne prélevez ni plantes ni animaux, et respectez les zones interdites d'accès.",""
"detail.tab.protection.empty","Fiche mangrove","Onglet Protection","Aucun statut de protection renseigné.",""
"detail.tab.photos.empty","Fiche mangrove","Onglet Photos","Pas encore de photo pour ce site.",""
"detail.strip.none.title","Fiche mangrove","Bandeau guide","Pas de sortie guidée sur ce site",""
"detail.strip.none.meta","Fiche mangrove","Bandeau guide","la mangrove du Grand Cul-de-Sac Marin se visite avec un guide",""
"detail.strip.both.title","Fiche mangrove","Bandeau guide","En bateau avec Blue Lagoon ou en kayak avec Yalodé",""
"detail.opcards.both.title","Fiche mangrove","Cartes opérateurs","Deux façons de visiter avec un guide",""
"detail.opcards.none.title","Fiche mangrove","Cartes opérateurs","Découvrir la mangrove avec un guide",""
"detail.notProvided","Fiche mangrove","Général","Non renseigné",""
"compare.title","Comparatif","Intro","Bateau ou kayak ? Deux façons d'entrer dans la mangrove",""
"compare.intro","Comparatif","Intro","Blue Lagoon et Yalodé travaillent la même lagune, le Grand Cul-de-Sac Marin, mais n'y proposent pas la même expérience. Voici comment elles diffèrent, sans détour.",""
"compare.summary.title","Comparatif","Conclusion","En bref, pour choisir",""
"compare.summary.text","Comparatif","Conclusion","Vous voulez de la baignade, plusieurs paysages du lagon et voyagez en groupe ou en famille nombreuse : prenez le bateau avec Blue Lagoon. Vous voulez vous glisser au cœur des palétuviers, à votre rythme, en petit comité : prenez le kayak avec Yalodé. Les deux se réservent en ligne, même la veille en basse saison.",""
"guide.updated","Guides SEO","Header","Mis à jour en septembre 2026",""
"guide.faq.title","Guides SEO","FAQ","Questions fréquentes",""
"guide.related.title","Guides SEO","Liens","Guides associés",""
"footer.tagline","Global","Footer","Un guide indépendant des mangroves des Îles de Guadeloupe : Guadeloupe et Marie-Galante.",""
"footer.col.guides","Global","Footer","Meilleures mangroves",""
"footer.col.islands","Global","Footer","Par île",""
"footer.col.operators","Global","Footer","Les opérateurs",""
"seo.home.title","Accueil","SEO","Mangroves de Guadeloupe : où et comment les visiter",""
"seo.home.description","Accueil","SEO","Toutes les mangroves de Guadeloupe et Marie-Galante : en bateau, en kayak ou à pied.",""